Workbook

Sheet Intro
B3: " This dashboard monitors trends in the private credit market using public market proxies, credit spreads, and sentiment indicators to assess changes in credit risk and market conditions,"
B5: 3 Core Questions
C7: 1. Is credit risk increasing or decreasing ?
C8: (spreads, CDS, defaults)
C10: 2. Are private credit returns under pressure ?
C11: (loan prices, HY bonds, manager performance)
C13: 3. Is market sentiment improving or worsening ?
C14: (stocks of BX, APO)
C17: Data Buckets:
C19: 1. Market Risk (Macro Credit Conditions) : captures the overall stress of the market
C20: Will be tracking :
C21: High Yield Spread
C22: Leveraged loan prices
C23: CDS index (CDX HY)
... C41: Key news

Sheet Data_Input
A1: Metric | B1: Current | C1: Last Week | D1: % Change
A2: HYG | B2: 79.56 | C2: 78.81 | D2: 0.95
A3: Loan ETF | B3: 40.14 | C3: 39.92 | D3: 0.55
A4: Blackstone | B4: 114.99 | C4: 111.6 | D4: 3.04
A5: Apollo | B5: 111.42 | C5: 109.95 | D5: 1.34
A6: Ares | B6: 109.1 | C6: 107.66 | D6: 1.34
A7: KKR | B7: 92.5 | C7: 90.36 | D7: 2.37
A8: HY Spread | B8: 3.42 | C8: 3.24 | D8: 5.56

Sheet HYG_Data
A1: Date | B1: Price | C1: Column1 | D1: Column2 | E1: Column3 | F1: Column4 | G1: Column5
A2: 46024 | B2: 80.67
A3: 46027 | B3: 80.88
A4: 46028 | B4: 80.9
A5: 46029 | B5: 80.88
A6: 46030 | B6: 80.94
A7: 46031 | B7: 81
A8: 46034 | B8: 81.04
A9: 46035 | B9: 81.04
A10: 46036 | B10: 81.04
A11: 46037 | B11: 81.04
A12: 46038 | B12: 81.09
A13: 46042 | B13: 80.88
... A61: 46111 | B61: 78.81

Sheet Dashboard
A1: Private Credit Market Dashboard
A3: Market Risk | F3: Private Credit Proxies | K3: Credit Market Pricing
A4: Market Risk Indicators | B4: Current | C4: Last Week | D4: % Change | F4: Private Credit Firms | G4: Current | H4: Last Week | I4: % Change | K4: Credit Pricing | L4: Current | M4: Last Week | N4: % Change
A5: HY Spread | B5: =Data_Input!B8 | C5: =Data_Input!C8 | D5: =(B5-C5)/C5 | F5: BX | G5: =Data_Input!B4 | H5: =Data_Input!C4 | I5: =(G5-H5)/H5 | K5: HYG | L5: =Data_Input!B2 | M5: =Data_Input!C2 | N5: =(L5-M5)/M5
A6: Loan ETF (LVLN) | B6: =Data_Input!B3 | C6: =Data_Input!C3 | D6: =(B6-C6)/C6 | F6: APO | G6: =Data_Input!B5 | H6: =Data_Input!C5 | I6: =(G6-H6)/H6
F7: ARES | G7: =Data_Input!B6 | H7: =Data_Input!C6 | I7: =(G7-H7)/H7
F8: KKR | G8: =Data_Input!B7 | H8: =Data_Input!C7 | I8: =(G8-H8)/H8
